-- --------------------------------------------------------
-- Host:                         127.0.0.1
-- Server version:               8.4.3 - MySQL Community Server - GPL
-- Server OS:                    Win64
-- HeidiSQL Version:             12.8.0.6908
-- --------------------------------------------------------

/*!40101 SET @OLD_CHARACTER_SET_CLIENT=@@CHARACTER_SET_CLIENT */;
/*!40101 SET NAMES utf8 */;
/*!50503 SET NAMES utf8mb4 */;
/*!40103 SET @OLD_TIME_ZONE=@@TIME_ZONE */;
/*!40103 SET TIME_ZONE='+00:00' */;
/*!40014 SET @OLD_FOREIGN_KEY_CHECKS=@@FOREIGN_KEY_CHECKS, FOREIGN_KEY_CHECKS=0 */;
/*!40101 SET @OLD_SQL_MODE=@@SQL_MODE, SQL_MODE='NO_AUTO_VALUE_ON_ZERO' */;
/*!40111 SET @OLD_SQL_NOTES=@@SQL_NOTES, SQL_NOTES=0 */;


-- Dumping database structure for ci4
CREATE DATABASE IF NOT EXISTS `ci4` /*!40100 DEFAULT CHARACTER SET utf8mb4 COLLATE utf8mb4_0900_ai_ci */ /*!80016 DEFAULT ENCRYPTION='N' */;
USE `ci4`;

-- Dumping structure for table ci4.deskripsimid
CREATE TABLE IF NOT EXISTS `deskripsimid` (
  `id` int NOT NULL AUTO_INCREMENT,
  `siswa_id` int DEFAULT NULL,
  `deskripsi` int DEFAULT NULL,
  PRIMARY KEY (`id`),
  KEY `FK_deskripsimid_siswa` (`siswa_id`),
  CONSTRAINT `FK_deskripsimid_siswa` FOREIGN KEY (`siswa_id`) REFERENCES `siswa` (`id`)
) ENGINE=InnoDB DEFAULT CHARSET=utf8mb4 COLLATE=utf8mb4_0900_ai_ci;

-- Dumping data for table ci4.deskripsimid: ~0 rows (approximately)

-- Dumping structure for table ci4.kelas
CREATE TABLE IF NOT EXISTS `kelas` (
  `id` int NOT NULL AUTO_INCREMENT,
  `nama_kelas` varchar(50) CHARACTER SET utf8mb4 COLLATE utf8mb4_0900_ai_ci DEFAULT NULL,
  `unit` int DEFAULT NULL,
  `wali_kelas` int DEFAULT NULL,
  PRIMARY KEY (`id`) USING BTREE,
  KEY `FK_kelas_users` (`wali_kelas`),
  KEY `FK_kelas_units` (`unit`),
  CONSTRAINT `FK_kelas_units` FOREIGN KEY (`unit`) REFERENCES `units` (`id`) ON DELETE CASCADE ON UPDATE CASCADE,
  CONSTRAINT `FK_kelas_users` FOREIGN KEY (`wali_kelas`) REFERENCES `users` (`id`)
) ENGINE=InnoDB AUTO_INCREMENT=31 DEFAULT CHARSET=utf8mb4 COLLATE=utf8mb4_0900_ai_ci;

-- Dumping data for table ci4.kelas: ~16 rows (approximately)
INSERT INTO `kelas` (`id`, `nama_kelas`, `unit`, `wali_kelas`) VALUES
	(1, '1A', 1, 23),
	(2, '1B', 1, 17),
	(3, '1C', 1, 48),
	(4, '2A', 1, 16),
	(5, '2B', 1, 47),
	(6, '3A', 1, 38),
	(7, '3B', 1, 18),
	(8, '4A', 1, 36),
	(9, '4B', 1, 13),
	(10, '5A', 1, 28),
	(11, '5B', 1, 19),
	(12, '6A', 1, 34),
	(13, '6B', 1, 42),
	(14, '7', 2, 40),
	(15, '8', 2, 30),
	(16, '9', 2, 31);

-- Dumping structure for table ci4.nilaideskripsimid
CREATE TABLE IF NOT EXISTS `nilaideskripsimid` (
  `id` int NOT NULL AUTO_INCREMENT,
  `siswa_id` int DEFAULT NULL,
  `deskripsi` text,
  PRIMARY KEY (`id`),
  KEY `FK_nilaimiddeskripsi_siswa` (`siswa_id`),
  CONSTRAINT `FK_nilaimiddeskripsi_siswa` FOREIGN KEY (`siswa_id`) REFERENCES `siswa` (`id`)
) ENGINE=InnoDB AUTO_INCREMENT=3 DEFAULT CHARSET=utf8mb4 COLLATE=utf8mb4_0900_ai_ci;

-- Dumping data for table ci4.nilaideskripsimid: ~1 rows (approximately)
INSERT INTO `nilaideskripsimid` (`id`, `siswa_id`, `deskripsi`) VALUES
	(1, 12, '"Lorem ipsum dolor sit amet, consectetur adipiscing elit, sed do eiusmod tempor incididunt ut labore et dolore magna aliqua. Ut enim ad minim veniam, quis nostrud exercitation ullamco laboris nisi ut aliquip ex ea commodo consequat. Duis aute irure dolor in reprehenderit in voluptate velit esse cillum dolore eu fugiat nulla pariatur. Excepteur sint occaecat cupidatat non proident, sunt in culpa qui officia deserunt mollit anim id est laborum."'),
	(2, 95, 'qwem,asmfkamsfklasdkf');

-- Dumping structure for table ci4.nilaimid
CREATE TABLE IF NOT EXISTS `nilaimid` (
  `id` int NOT NULL AUTO_INCREMENT,
  `kelas_id` int DEFAULT NULL,
  `siswa_id` int DEFAULT NULL,
  `pelajaran_id` int DEFAULT NULL,
  `nilai_pt` int DEFAULT NULL,
  `nilai_mt` int DEFAULT NULL,
  `deskripsi` text,
  PRIMARY KEY (`id`),
  KEY `FK_rapormidsemester_kelas` (`kelas_id`),
  KEY `FK_rapormidsemester_pelajaran` (`pelajaran_id`),
  KEY `FK_rapormidsemester_siswa` (`siswa_id`),
  CONSTRAINT `FK_rapormidsemester_kelas` FOREIGN KEY (`kelas_id`) REFERENCES `kelas` (`id`) ON DELETE CASCADE ON UPDATE CASCADE,
  CONSTRAINT `FK_rapormidsemester_pelajaran` FOREIGN KEY (`pelajaran_id`) REFERENCES `pelajaran` (`id`) ON DELETE CASCADE ON UPDATE CASCADE,
  CONSTRAINT `FK_rapormidsemester_siswa` FOREIGN KEY (`siswa_id`) REFERENCES `siswa` (`id`) ON DELETE CASCADE ON UPDATE CASCADE
) ENGINE=InnoDB AUTO_INCREMENT=392 DEFAULT CHARSET=utf8mb4 COLLATE=utf8mb4_0900_ai_ci;

-- Dumping data for table ci4.nilaimid: ~207 rows (approximately)
INSERT INTO `nilaimid` (`id`, `kelas_id`, `siswa_id`, `pelajaran_id`, `nilai_pt`, `nilai_mt`, `deskripsi`) VALUES
	(185, 1, 12, 3, 99, 100, NULL),
	(186, 1, 13, 3, 88, 80, NULL),
	(187, 1, 14, 3, 86, 89, NULL),
	(188, 1, 15, 3, 96, 93, NULL),
	(189, 1, 16, 3, 91, 90, NULL),
	(190, 1, 17, 3, 89, 87, NULL),
	(191, 1, 18, 3, 88, 85, NULL),
	(192, 1, 19, 3, 86, 90, NULL),
	(193, 1, 20, 3, 96, 93, NULL),
	(194, 1, 21, 3, 96, 94, NULL),
	(195, 1, 22, 3, 90, 97, NULL),
	(196, 1, 23, 3, 96, 93, NULL),
	(197, 1, 24, 3, 90, 87, NULL),
	(198, 1, 25, 3, 88, 85, NULL),
	(199, 1, 26, 3, 86, 87, NULL),
	(200, 1, 27, 3, 84, 80, NULL),
	(201, 1, 28, 3, 75, 78, NULL),
	(202, 1, 29, 3, 79, 80, NULL),
	(203, 1, 30, 3, 88, 96, NULL),
	(204, 1, 31, 3, 95, 93, NULL),
	(205, 1, 32, 3, 90, 91, NULL),
	(206, 1, 12, 4, 83, 95, NULL),
	(207, 1, 13, 4, 75, 90, NULL),
	(208, 1, 14, 4, 98, 100, NULL),
	(209, 1, 15, 4, 84, 85, NULL),
	(210, 1, 16, 4, 98, 92, NULL),
	(211, 1, 17, 4, 99, 86, NULL),
	(212, 1, 18, 4, 82, 88, NULL),
	(213, 1, 19, 4, 93, 99, NULL),
	(214, 1, 20, 4, 81, 75, NULL),
	(215, 1, 21, 4, 87, 99, NULL),
	(216, 1, 22, 4, 88, 78, NULL),
	(217, 1, 23, 4, 91, 85, NULL),
	(218, 1, 24, 4, 97, 88, NULL),
	(219, 1, 25, 4, 100, 87, NULL),
	(220, 1, 26, 4, 98, 93, NULL),
	(221, 1, 27, 4, 92, 90, NULL),
	(222, 1, 28, 4, 99, 99, NULL),
	(223, 1, 29, 4, 75, 96, NULL),
	(224, 1, 30, 4, 98, 85, NULL),
	(225, 1, 31, 4, 75, 88, NULL),
	(226, 1, 32, 4, 86, 90, NULL),
	(227, 2, 33, 4, 78, 88, NULL),
	(228, 2, 34, 4, 67, 87, NULL),
	(229, 2, 35, 4, 0, 0, NULL),
	(230, 2, 36, 4, 0, 0, NULL),
	(231, 2, 37, 4, 0, 0, NULL),
	(232, 2, 38, 4, 0, 0, NULL),
	(233, 2, 39, 4, 0, 0, NULL),
	(234, 2, 40, 4, 0, 0, NULL),
	(235, 2, 41, 4, 0, 0, NULL),
	(236, 2, 42, 4, 0, 0, NULL),
	(237, 2, 43, 4, 0, 0, NULL),
	(238, 2, 44, 4, 0, 0, NULL),
	(239, 2, 45, 4, 0, 0, NULL),
	(240, 2, 46, 4, 0, 0, NULL),
	(241, 2, 47, 4, 0, 0, NULL),
	(242, 2, 48, 4, 0, 0, NULL),
	(243, 2, 49, 4, 0, 0, NULL),
	(244, 2, 50, 4, 0, 0, NULL),
	(245, 2, 51, 4, 0, 0, NULL),
	(246, 2, 52, 4, 0, 0, NULL),
	(247, 2, 53, 4, 0, 0, NULL),
	(248, 1, 12, 6, 88, 80, NULL),
	(249, 1, 13, 6, 89, 90, NULL),
	(250, 1, 14, 6, 85, 88, NULL),
	(251, 1, 15, 6, 80, 75, NULL),
	(252, 1, 16, 6, 78, 88, NULL),
	(253, 1, 17, 6, 80, 95, NULL),
	(254, 1, 18, 6, 99, 98, NULL),
	(255, 1, 19, 6, 87, 88, NULL),
	(256, 1, 20, 6, 78, 86, NULL),
	(257, 1, 21, 6, 95, 90, NULL),
	(258, 1, 22, 6, 94, 90, NULL),
	(259, 1, 23, 6, 93, 91, NULL),
	(260, 1, 24, 6, 93, 88, NULL),
	(261, 1, 25, 6, 89, 90, NULL),
	(262, 1, 26, 6, 86, 87, NULL),
	(263, 1, 27, 6, 89, 90, NULL),
	(264, 1, 28, 6, 96, 96, NULL),
	(265, 1, 29, 6, 99, 98, NULL),
	(266, 1, 30, 6, 94, 90, NULL),
	(267, 1, 31, 6, 99, 99, NULL),
	(268, 1, 32, 6, 98, 99, NULL),
	(269, 1, 12, 5, 75, 80, NULL),
	(270, 1, 13, 5, 85, 86, NULL),
	(271, 1, 14, 5, 84, 90, NULL),
	(272, 1, 15, 5, 89, 96, NULL),
	(273, 1, 16, 5, 90, 93, NULL),
	(274, 1, 17, 5, 94, 90, NULL),
	(275, 1, 18, 5, 87, 80, NULL),
	(276, 1, 19, 5, 85, 95, NULL),
	(277, 1, 20, 5, 94, 90, NULL),
	(278, 1, 21, 5, 99, 98, NULL),
	(279, 1, 22, 5, 92, 93, NULL),
	(280, 1, 23, 5, 91, 90, NULL),
	(281, 1, 24, 5, 89, 87, NULL),
	(282, 1, 25, 5, 89, 90, NULL),
	(283, 1, 26, 5, 96, 94, NULL),
	(284, 1, 27, 5, 90, 87, NULL),
	(285, 1, 28, 5, 86, 88, NULL),
	(286, 1, 29, 5, 82, 83, NULL),
	(287, 1, 30, 5, 85, 80, NULL),
	(288, 1, 31, 5, 93, 90, NULL),
	(289, 1, 32, 5, 97, 80, NULL),
	(290, 1, 12, 10, 85, 87, NULL),
	(291, 1, 13, 10, 0, 0, NULL),
	(292, 1, 14, 10, 0, 0, NULL),
	(293, 1, 15, 10, 0, 0, NULL),
	(294, 1, 16, 10, 0, 0, NULL),
	(295, 1, 17, 10, 0, 0, NULL),
	(296, 1, 18, 10, 0, 0, NULL),
	(297, 1, 19, 10, 0, 0, NULL),
	(298, 1, 20, 10, 0, 0, NULL),
	(299, 1, 21, 10, 0, 0, NULL),
	(300, 1, 22, 10, 0, 0, NULL),
	(301, 1, 23, 10, 0, 0, NULL),
	(302, 1, 24, 10, 0, 0, NULL),
	(303, 1, 25, 10, 0, 0, NULL),
	(304, 1, 26, 10, 0, 0, NULL),
	(305, 1, 27, 10, 0, 0, NULL),
	(306, 1, 28, 10, 0, 0, NULL),
	(307, 1, 29, 10, 0, 0, NULL),
	(308, 1, 30, 10, 0, 0, NULL),
	(309, 1, 31, 10, 0, 0, NULL),
	(310, 1, 32, 10, 0, 0, NULL),
	(311, 1, 12, 8, 90, 87, NULL),
	(312, 1, 13, 8, 0, 0, NULL),
	(313, 1, 14, 8, 0, 0, NULL),
	(314, 1, 15, 8, 0, 0, NULL),
	(315, 1, 16, 8, 0, 0, NULL),
	(316, 1, 17, 8, 0, 0, NULL),
	(317, 1, 18, 8, 0, 0, NULL),
	(318, 1, 19, 8, 0, 0, NULL),
	(319, 1, 20, 8, 0, 0, NULL),
	(320, 1, 21, 8, 0, 0, NULL),
	(321, 1, 22, 8, 0, 0, NULL),
	(322, 1, 23, 8, 0, 0, NULL),
	(323, 1, 24, 8, 0, 0, NULL),
	(324, 1, 25, 8, 0, 0, NULL),
	(325, 1, 26, 8, 0, 0, NULL),
	(326, 1, 27, 8, 0, 0, NULL),
	(327, 1, 28, 8, 0, 0, NULL),
	(328, 1, 29, 8, 0, 0, NULL),
	(329, 1, 30, 8, 0, 0, NULL),
	(330, 1, 31, 8, 0, 0, NULL),
	(331, 1, 32, 8, 0, 0, NULL),
	(332, 6, 116, 4, 75, 75, NULL),
	(333, 6, 117, 4, 98, 90, NULL),
	(334, 6, 118, 4, 80, 90, NULL),
	(335, 6, 119, 4, 100, 100, NULL),
	(336, 6, 120, 4, 90, 96, NULL),
	(337, 6, 121, 4, 75, 75, NULL),
	(338, 6, 122, 4, 75, 75, NULL),
	(339, 6, 123, 4, 98, 95, NULL),
	(340, 6, 124, 4, 98, 97, NULL),
	(341, 6, 125, 4, 80, 89, NULL),
	(342, 6, 126, 4, 85, 80, NULL),
	(343, 6, 127, 4, 90, 87, NULL),
	(344, 6, 128, 4, 75, 75, NULL),
	(345, 6, 129, 4, 100, 98, NULL),
	(346, 6, 130, 4, 89, 95, NULL),
	(347, 6, 131, 4, 95, 90, NULL),
	(348, 6, 132, 4, 98, 90, NULL),
	(349, 6, 133, 4, 80, 85, NULL),
	(350, 6, 134, 4, 80, 75, NULL),
	(351, 6, 135, 4, 100, 98, NULL),
	(352, 6, 116, 5, 80, 75, NULL),
	(353, 6, 117, 5, 100, 98, NULL),
	(354, 6, 118, 5, 80, 95, NULL),
	(355, 6, 119, 5, 100, 98, NULL),
	(356, 6, 120, 5, 100, 95, NULL),
	(357, 6, 121, 5, 75, 75, NULL),
	(358, 6, 122, 5, 75, 80, NULL),
	(359, 6, 123, 5, 98, 97, NULL),
	(360, 6, 124, 5, 97, 100, NULL),
	(361, 6, 125, 5, 80, 85, NULL),
	(362, 6, 126, 5, 75, 80, NULL),
	(363, 6, 127, 5, 92, 87, NULL),
	(364, 6, 128, 5, 75, 82, NULL),
	(365, 6, 129, 5, 100, 98, NULL),
	(366, 6, 130, 5, 100, 98, NULL),
	(367, 6, 131, 5, 80, 92, NULL),
	(368, 6, 132, 5, 95, 90, NULL),
	(369, 6, 133, 5, 85, 90, NULL),
	(370, 6, 134, 5, 75, 85, NULL),
	(371, 6, 135, 5, 100, 100, NULL),
	(372, 6, 116, 6, 90, 98, NULL),
	(373, 6, 117, 6, 100, 95, NULL),
	(374, 6, 118, 6, 90, 95, NULL),
	(375, 6, 119, 6, 100, 90, NULL),
	(376, 6, 120, 6, 98, 99, NULL),
	(377, 6, 121, 6, 80, 85, NULL),
	(378, 6, 122, 6, 85, 80, NULL),
	(379, 6, 123, 6, 100, 100, NULL),
	(380, 6, 124, 6, 100, 90, NULL),
	(381, 6, 125, 6, 90, 95, NULL),
	(382, 6, 126, 6, 90, 95, NULL),
	(383, 6, 127, 6, 90, 97, NULL),
	(384, 6, 128, 6, 85, 80, NULL),
	(385, 6, 129, 6, 95, 100, NULL),
	(386, 6, 130, 6, 100, 96, NULL),
	(387, 6, 131, 6, 98, 100, NULL),
	(388, 6, 132, 6, 100, 82, NULL),
	(389, 6, 133, 6, 90, 85, NULL),
	(390, 6, 134, 6, 85, 80, NULL),
	(391, 6, 135, 6, 100, 98, NULL);

-- Dumping structure for table ci4.pelajaran
CREATE TABLE IF NOT EXISTS `pelajaran` (
  `id` int NOT NULL AUTO_INCREMENT,
  `nama_pelajaran` varchar(50) DEFAULT NULL,
  PRIMARY KEY (`id`)
) ENGINE=InnoDB AUTO_INCREMENT=14 DEFAULT CHARSET=utf8mb4 COLLATE=utf8mb4_0900_ai_ci;

-- Dumping data for table ci4.pelajaran: ~6 rows (approximately)
INSERT INTO `pelajaran` (`id`, `nama_pelajaran`) VALUES
	(3, 'Math'),
	(4, 'English'),
	(5, 'Science'),
	(6, 'ICT'),
	(8, 'Arabic'),
	(10, 'Tahfidz');

-- Dumping structure for table ci4.pembelajaran
CREATE TABLE IF NOT EXISTS `pembelajaran` (
  `id` int NOT NULL AUTO_INCREMENT,
  `pelajaran_id` int DEFAULT NULL,
  `kelas_id` int DEFAULT NULL,
  `user_id` int DEFAULT NULL,
  `unit_id` int DEFAULT NULL,
  PRIMARY KEY (`id`),
  KEY `FK_pembelajaran_pelajaran` (`pelajaran_id`),
  KEY `FK_pembelajaran_kelas` (`kelas_id`),
  KEY `FK_pembelajaran_users` (`user_id`),
  KEY `FK_pembelajaran_units` (`unit_id`),
  CONSTRAINT `FK_pembelajaran_kelas` FOREIGN KEY (`kelas_id`) REFERENCES `kelas` (`id`) ON DELETE CASCADE ON UPDATE CASCADE,
  CONSTRAINT `FK_pembelajaran_pelajaran` FOREIGN KEY (`pelajaran_id`) REFERENCES `pelajaran` (`id`) ON DELETE CASCADE ON UPDATE CASCADE,
  CONSTRAINT `FK_pembelajaran_units` FOREIGN KEY (`unit_id`) REFERENCES `units` (`id`) ON DELETE CASCADE ON UPDATE CASCADE,
  CONSTRAINT `FK_pembelajaran_users` FOREIGN KEY (`user_id`) REFERENCES `users` (`id`) ON DELETE CASCADE ON UPDATE CASCADE
) ENGINE=InnoDB AUTO_INCREMENT=115 DEFAULT CHARSET=utf8mb4 COLLATE=utf8mb4_0900_ai_ci;

-- Dumping data for table ci4.pembelajaran: ~75 rows (approximately)
INSERT INTO `pembelajaran` (`id`, `pelajaran_id`, `kelas_id`, `user_id`, `unit_id`) VALUES
	(35, 3, 1, 17, 1),
	(36, 4, 1, 23, 1),
	(38, 5, 1, 48, 1),
	(39, 6, 1, 23, 1),
	(40, 8, 2, 7, 1),
	(41, 10, 1, 8, 1),
	(42, 3, 2, 17, 1),
	(43, 4, 2, 23, 1),
	(44, 5, 2, 48, 1),
	(45, 6, 2, 17, 1),
	(47, 10, 2, 8, 1),
	(48, 8, 1, 7, 1),
	(49, 8, 3, 7, 1),
	(50, 4, 3, 23, 1),
	(51, 6, 3, 48, 1),
	(52, 5, 3, 48, 1),
	(53, 10, 3, 8, 1),
	(54, 3, 3, 17, 1),
	(55, 3, 4, 16, 1),
	(56, 4, 4, 47, 1),
	(57, 5, 4, 16, 1),
	(58, 6, 4, 16, 1),
	(59, 10, 4, 9, 1),
	(60, 8, 4, 9, 1),
	(61, 3, 5, 16, 1),
	(62, 4, 5, 47, 1),
	(63, 5, 5, 47, 1),
	(64, 6, 5, 47, 1),
	(65, 8, 5, 9, 1),
	(66, 10, 5, 9, 1),
	(67, 3, 6, 18, 1),
	(68, 4, 6, 38, 1),
	(69, 5, 6, 38, 1),
	(70, 6, 6, 38, 1),
	(71, 8, 6, 9, 1),
	(72, 10, 6, 41, 1),
	(73, 3, 7, 18, 1),
	(74, 4, 7, 38, 1),
	(75, 5, 7, 18, 1),
	(76, 6, 7, 18, 1),
	(77, 8, 7, 9, 1),
	(78, 10, 7, 41, 1),
	(79, 3, 8, 36, 1),
	(80, 4, 8, 13, 1),
	(81, 5, 8, 13, 1),
	(82, 6, 8, 13, 1),
	(83, 8, 8, 9, 1),
	(84, 10, 8, 10, 1),
	(85, 3, 9, 36, 1),
	(86, 4, 9, 13, 1),
	(87, 5, 9, 13, 1),
	(88, 6, 9, 13, 1),
	(89, 8, 9, 9, 1),
	(90, 10, 9, 10, 1),
	(91, 3, 10, 19, 1),
	(92, 4, 10, 28, 1),
	(93, 5, 10, 28, 1),
	(94, 6, 10, 28, 1),
	(95, 8, 10, 41, 1),
	(96, 10, 10, 7, 1),
	(97, 3, 11, 19, 1),
	(98, 4, 11, 28, 1),
	(99, 5, 11, 28, 1),
	(100, 6, 11, 28, 1),
	(101, 8, 11, 41, 1),
	(102, 10, 11, 7, 1),
	(103, 3, 12, 34, 1),
	(104, 4, 12, 42, 1),
	(105, 5, 12, 42, 1),
	(106, 6, 12, 42, 1),
	(107, 8, 12, 10, 1),
	(108, 10, 12, 9, 1),
	(109, 3, 13, 34, 1),
	(110, 4, 13, 42, 1),
	(111, 5, 13, 42, 1),
	(112, 6, 13, 42, 1),
	(113, 8, 13, 10, 1),
	(114, 10, 13, 41, 1);

-- Dumping structure for table ci4.siswa
CREATE TABLE IF NOT EXISTS `siswa` (
  `id` int NOT NULL AUTO_INCREMENT,
  `nama` varchar(50) DEFAULT NULL,
  `nis` varchar(50) DEFAULT NULL,
  `nisn` varchar(50) DEFAULT NULL,
  `kelas_id` int DEFAULT NULL,
  PRIMARY KEY (`id`),
  KEY `FK_siswa_kelas` (`kelas_id`) USING BTREE,
  CONSTRAINT `FK_siswa_kelas` FOREIGN KEY (`kelas_id`) REFERENCES `kelas` (`id`)
) ENGINE=InnoDB AUTO_INCREMENT=274 DEFAULT CHARSET=utf8mb4 COLLATE=utf8mb4_0900_ai_ci;

-- Dumping data for table ci4.siswa: ~259 rows (approximately)
INSERT INTO `siswa` (`id`, `nama`, `nis`, `nisn`, `kelas_id`) VALUES
	(12, 'Ailia Ramila Effendy', '2425.1.001', '3179340364', 1),
	(13, 'Alex Frederick Siwu', '2425.1.002', '3170814147', 1),
	(14, 'Alif Pranadipa Putra', '2425.1.003', '3172031158', 1),
	(15, 'Althafar Delwyn Irianto', '2425.1.004', '3179478666', 1),
	(16, 'Andita Sasmaya', '2425.1.005', '3187232886', 1),
	(17, 'Arsyila Bella Haryadi', '2425.1.006', '3172831237', 1),
	(18, 'Bea Cinta Riandira', '2425.1.007', '3177415981', 1),
	(19, 'Elmayka Meazza Artoni', '2425.1.008', '3170730041', 1),
	(20, 'Farzana Khalysta Afiza', '2425.1.009', '3185779593', 1),
	(21, 'Fawwaz Hilman Akbar', '2425.1.010', '3180305599', 1),
	(22, 'Hawra Zelmira Rizky Hamid', '2425.1.011', '3177725877', 1),
	(23, 'Hezarfen Kenzie Dzikri Prasetyo', '2425.1.012', '3172726928', 1),
	(24, 'Keinara Aozora', '2425.1.013', '3174495409', 1),
	(25, 'Malaika Annasya Nelandra', '2425.1.014', '3179179055', 1),
	(26, 'Muhammad El Ghazzal Khairullah', '2425.1.015', '3177848694', 1),
	(27, 'Muhammad Razki Erdogan Wardhana', '2425.1.016', '3178934082', 1),
	(28, 'Nabilah Azzahra', '2425.1.017', '3176009534', 1),
	(29, 'Nayra Delisha Abduljalil', '2425.1.018', '3185716703', 1),
	(30, 'Qeyza Azmiya Susanto', '2425.1.019', '3176962269', 1),
	(31, 'Rahiema Arunika Lysande', '2425.1.020', '3185509873', 1),
	(32, 'Rayyan Farrosi Ja\'Far', '2425.1.021', '3189307903', 1),
	(33, 'Abyan Alazzam Wijaya', '2425.1.022', '3160908330', 2),
	(34, 'Alfarizqi Khairan Sugiarto', '2425.1.023', '3182153477', 2),
	(35, 'Alula Fatimah Lashira', '2425.1.024', '3185974978', 2),
	(36, 'Athallah Syafiq Akbar', '2425.1.025', '3170070464', 2),
	(37, 'Attallah Razqa Zaflan Sugiarto', '2425.1.026', '3185363733', 2),
	(38, 'Audric Kasyafani Octora', '2425.1.027', '3177124832', 2),
	(39, 'Azril Rafisqy Nasution', '2425.1.028', '3172687393', 2),
	(40, 'Chayra Kamidia Hakim', '2425.1.029', '3180724655', 2),
	(41, 'Farrel Danendra Rahman', '2425.1.030', '3170859057', 2),
	(42, 'Fathul Islam Satria', '2425.1.031', '3182434835', 2),
	(43, 'Ken Ayu Kirana Wibowo', '2425.1.032', '3177581923', 2),
	(44, 'Khansa Kharidah Abi', '2425.1.033', '3170968725', 2),
	(45, 'Maytasha Nailazaara', '2425.1.034', '3171107384', 2),
	(46, 'Nafiisa Laksmi Aozora', '2425.1.035', '3170721622', 2),
	(47, 'Nindy Novitasari', '2425.1.036', '3171839760', 2),
	(48, 'Rachel Averyli Neysha', '2425.1.037', '3189885585', 2),
	(49, 'Raina Aurellya Komaini', '2425.1.038', '3175977144', 2),
	(50, 'Ryshaka Zaydan Alfath', '2425.1.039', '3175229946', 2),
	(51, 'Sashenka Adib', '2425.1.040', '3174089082', 2),
	(52, 'Shanum Noora Audity', '2425.1.041', '3181798779', 2),
	(53, 'Zayn Abyan Putra Santoso', '2425.1.042', '3171190664', 2),
	(54, 'Albama Satria Wardana', '2425.1.043', '3172366699', 3),
	(55, 'Alfarizy Hadi Raffasya', '2425.1.044', '3177245971', 3),
	(56, 'Alula Nafisha Anandya', '2425.1.045', '3171958099', 3),
	(57, 'Ardiyan Ridwan Pratama', '2425.1.046', '3186545420', 3),
	(58, 'Argyalina Septyalica Situmorang', '2425.1.047', '3174797966', 3),
	(59, 'Arshaka Mahardika Asnadi', '2425.1.048', '3187682395', 3),
	(60, 'Azka Daffa Surya', '2425.1.049', '3170972482', 3),
	(61, 'Clemira Zaara Nuraisha', '2425.1.050', '3186265561', 3),
	(62, 'Eka Maryam', '2425.1.051', '3175569246', 3),
	(63, 'Fathia Aiza Zahra', '2425.1.052', '3182456596', 3),
	(64, 'Isvara Audri Widyanatha', '2425.1.053', '3186718822', 3),
	(65, 'Kayra Naima Iswara', '2425.1.054', '3181410126', 3),
	(66, 'Leiana Adila Azahra', '2425.1.055', '3178059700', 3),
	(67, 'Mikaila Shaqueena Khairin', '2425.1.056', '3176978782', 3),
	(68, 'Muhammad Ghani Anhari', '2425.1.057', '3188288687', 3),
	(69, 'Nayara Quitta Herdian', '2425.1.058', '3180914446', 3),
	(70, 'Nur Anisah', '2425.1.059', '3188989512', 3),
	(71, 'Rafandra Akhtar Malik', '2425.1.060', '3178944957', 3),
	(72, 'Rafardhan Mahrez Arkhairan', '2425.1.061', '3189523176', 3),
	(73, 'Rafi Azka Ibrahim', '2425.1.062', '3179219087', 3),
	(74, 'Zunaira Eisha', '2425.1.063', '3170475135', 3),
	(75, 'Abdullah Arshaka Supriyanto', '2324.1.020', '3160595287', 4),
	(76, 'Afifa Nuha Zahira', '2324.1.002', '3165046110', 4),
	(77, 'Alfan Hattalah Afdal', '2324.1.021', '3176428072', 4),
	(78, 'Arkadhiaz Azka Ramaditya', '2425.2.064', '3171739073', 4),
	(79, 'Baby Humaira Saniscara Az Zahra', '2324.1.006', '0133280378', 4),
	(80, 'Devandra Aji Saputra', '2324.1.026', '3164073243', 4),
	(81, 'El Zeyma Shaarawy', '2324.1.007', '3167965415', 4),
	(82, 'Gibran Keenan Sudarsono', '2324.1.027', '3165017047', 4),
	(83, 'Jihan Aira Nafisa', '2324.1.009', '3162704520', 4),
	(84, 'Kent Andalus Adam', '2324.1.029', '3175758560', 4),
	(85, 'Maizalmahyra Fardhan Suryanis', '2324.1.010', '3170918728', 4),
	(86, 'Mikail Zayn Al-Fath', '2324.1.012', '0131146977', 4),
	(87, 'Muhammad Zyandrew Alhazen Sudup', '2324.1.030', '3165544317', 4),
	(88, 'Naomi Almaira Farizi', '2324.1.031', '3163561657', 4),
	(89, 'Naufal Khaira Hutagalung', '2425.2.065', '', 4),
	(90, 'Palmeto Zaldin Wisesa', '2324.1.016', '3171969423', 4),
	(91, 'Raffa Alfarez Abduljalil', '2324.1.017', '3162830831', 4),
	(92, 'Rainuary Diratama', '2324.1.035', '3175564884', 4),
	(93, 'Rajwa Hafiz Azalea', '2324.1.043', '3163186436', 4),
	(94, 'Rayhan Devandra Budi Alvaro', '2324.1.018', '3177106026', 4),
	(95, 'Salsabila Nadhifa Nawir', '2324.1.019', '0135053280', 4),
	(96, 'Adelina Ayesha Azis', '2324.1.001', '3176507326', 5),
	(97, 'Alessio Kenzie Sujono', '2324.1.003', '3169366256', 5),
	(98, 'Alifa Arsyila Prayogi', '2324.1.022', '3170823489', 5),
	(99, 'Almahira Sayyidati Fatimah', '2324.1.023', '3172875576', 5),
	(100, 'Ar Rayyan Thariq Hakim', '2324.1.004', '3168518317', 5),
	(101, 'Arsyila Zayna Cahya', '2324.1.005', '3162503346', 5),
	(102, 'Asyifa Dyandra Atmojo', '2324.1.024', '3169065159', 5),
	(103, 'Azka Anvaya Haryono', '2425.2.066', '3162563237', 5),
	(104, 'Halumi Nuna Afsheen', '2324.1.008', '3163468616', 5),
	(105, 'Keenan Athalah Rahmanda', '2324.1.028', '3162988557', 5),
	(106, 'Mazel Faeyza Nugraha', '2324.1.011', '3177876227', 5),
	(107, 'Muhammad Rifqi Mustamin', '2324.1.013', '3163353840', 5),
	(108, 'Muhammad Robbani', '2324.1.014', '3163272745', 5),
	(109, 'Nayyara Qanita Arfi', '2324.1.032', '3170392121', 5),
	(110, 'Niki Erlangga Arbecio Kafeel', '2324.1.015', '3176689598', 5),
	(111, 'Prabu Tama Alfatah', '2324.1.033', '3162013038', 5),
	(112, 'Raihan Khalifa Habibillah', '2324.1.034', '3166874933', 5),
	(113, 'Runako Ahza Yudharmanto', '2324.1.036', '3173388555', 5),
	(114, 'Salsabilla Nur Azkayra', '2324.1.037', '3170848863', 5),
	(115, 'Zachary Zaffran Firdaus', '2324.1.038', '3164458723', 5),
	(116, 'Abiyyah Khairunnisa Rasyaputri', '2223.1.004', '3151423654', 6),
	(117, 'Aileen Nawal Aghla', '2223.1.005', '3166273730', 6),
	(118, 'Alesha Reinata Surya', '2425.3.067', '3154855360', 6),
	(119, 'Alfunnisa M Fahdan Putri', '2223.1.045', '3151150963', 6),
	(120, 'Assyifa Nadhira Auliya', '2223.1.025', '3169422879', 6),
	(121, 'Azizah Maharani Karaeng Datu', '2223.1.008', '0156510135', 6),
	(122, 'Cut Raisa Rizkyana Yahya', '2324.2.045', '0132170302', 6),
	(123, 'Eloriefta Bintang Erif', '2223.1.029', '3157950964', 6),
	(124, 'Muezza Ghani Andreanov', '2223.1.031', '0165409544', 6),
	(125, 'Muhammad Fauzan Alfarizky', '2223.1.032', '3152198243', 6),
	(126, 'Muhammad Joni Alfayed', '2223.1.011', '3160667851', 6),
	(127, 'Muhammad Rafa Azka Putra', '2223.1.012', '3150667376', 6),
	(128, 'Najua Mekar Anggraina', '2223.1.013', '0141164031', 6),
	(129, 'Nayyira Afsheen Gyani Franza', '2223.1.014', '0156217984', 6),
	(130, 'Nurfattah Adhykara Lie', '2223.1.016', '3153653455', 6),
	(131, 'Qaireen Azalea Lating', '2223.1.035', '3163746221', 6),
	(132, 'Radin Muhammad Gibran', '2324.2.039', '0169310226', 6),
	(133, 'Reynandra Rabbani Yazid Faisal', '2223.1.037', '3161758027', 6),
	(134, 'Syakila Abqariah', '2223.1.020', '3163900543', 6),
	(135, 'Zayn Maheswara Wibowo', '2223.1.021', '3151927756', 6),
	(136, 'Abidzar Habibie', '2223.1.003', '3166700103', 7),
	(137, 'Adeeva Shakila Sutanto', '2223.1.022', '0152185419', 7),
	(138, 'Amalia Bella Arkan', '2223.1.023', '3161301692', 7),
	(139, 'Andi Alfath Mubarak Darwin', '2223.1.024', '0136505074', 7),
	(140, 'Arkan Averroes Hakim', '2223.1.006', '3159946501', 7),
	(141, 'Awal', '2223.1.026', '3168842732', 7),
	(142, 'Axl Jazz Beryl', '2223.1.007', '3163668211', 7),
	(143, 'Cataleya Adib', '2223.1.027', '3164490556', 7),
	(144, 'Dzakiyya Talita Sakhi Kurnia', '2223.1.028', '3161352550', 7),
	(145, 'Fahira Hana Octavia', '2223.1.009', '3152247138', 7),
	(146, 'Gibran Faeyza', '2324.2.044', '3166243447', 7),
	(147, 'Kieran Adresya Maryam', '2223.1.030', '3167190246', 7),
	(148, 'Mizanul Hakim Lim', '2223.1.010', '3152778536', 7),
	(149, 'Nara Yus Ramadhani', '2223.1.033', '3154473086', 7),
	(150, 'Nezha Putri Amrullah', '2223.1.015', '3159385865', 7),
	(151, 'Nugroho Syarif', '2223.1.034', '0149067773', 7),
	(152, 'Raffathara Muhamad Syauqi', '2223.1.036', '3158098557', 7),
	(153, 'Shaqila Zevania Hadiandra', '2223.1.018', '0139168199', 7),
	(154, 'Shavira Shalihah Setiawan', '2223.1.019', '0137260811', 7),
	(155, 'Zaura Sulthana Kayyisa', '2223.1.038', '0144390672', 7),
	(156, 'Abhinaya Ghaisan Adhyastha', '2122.1.022', '0141346348', 8),
	(157, 'Adriello Darwish Irianto', '2122.1.024', '0157960158', 8),
	(158, 'Adzkia Jola Saufa', '2122.1.025', '3141207515', 8),
	(159, 'Aeenha Vidia Latief', '2122.1.027', '0148201112', 8),
	(160, 'Arjuna Adhinata Saputro', '2425.4.066', '3140061574', 8),
	(161, 'Caroline Citra Absyari', '2122.1.007', '0151651422', 8),
	(162, 'Daniyal Rasyid Octavilliano', '2122.1.030', '0143257227', 8),
	(163, 'Diandra Paramitha Kusumawardhani', '2122.1.031', '0154459467', 8),
	(164, 'Fredella Karen Alexa', '2122.1.008', '0146702986', 8),
	(165, 'Ghanny El Rafif', '2122.1.033', '0159933496', 8),
	(166, 'Habiburrahman Hilmaz Ar-Rafif', '2122.1.010', '0153602363', 8),
	(167, 'Kaylee Aquina Aditya', '2122.1.035', '0146621549', 8),
	(168, 'Kenzo Dirgham Onando', '2122.1.036', '3155781989', 8),
	(169, 'Micello Alexa', '2122.1.037', '0137051456', 8),
	(170, 'Naura Fergie Farizi', '2122.1.014', '0148763997', 8),
	(171, 'Nayla Aurelya Maheswari', '2122.1.038', '0142947859', 8),
	(172, 'Neysa Quinn Haryadi', '2122.1.039', '3157427441', 8),
	(173, 'Radinka Arkan Khalfani', '2223.2.044', '0148614993', 8),
	(174, 'Raditya Al Fatih', '2324.3.040', '0141294638', 8),
	(175, 'Sabyca Syauqina Zion', '2122.1.019', '3155857563', 8),
	(176, 'Shanela Adzkia Fadhil', '2122.1.041', '3153356312', 8),
	(177, 'Velove Felicia Yasmine', '2122.1.021', '0145653278', 8),
	(178, 'Abdurrahman Kemal Supriyanto', '2122.1.001', '0144578002', 9),
	(179, 'Abraham Alfath Firdaus', '2122.1.023', '3149842230', 9),
	(180, 'Adeeva Myesha Putri', '2223.2.040', '0159171023', 9),
	(181, 'Adelardo Nuraffa Syandana', '2324.3.046', '3153774504', 9),
	(182, 'Adzqiya Nurletta Iskandar', '2122.1.026', '3141750600', 9),
	(183, 'Aleendra Divyakhanza', '2122.1.002', '0138463351', 9),
	(184, 'Alisha Kamania Munifa', '2122.1.003', '3159278280', 9),
	(185, 'Asheela Irawaty', '2122.1.005', '0146389351', 9),
	(186, 'Atiqah Naila Putri', '2122.1.028', '0155272734', 9),
	(187, 'Brava Abiyya Ramadhan', '2122.1.046', '3156463404', 9),
	(188, 'Calyla Zahra Madynna', '2122.1.006', '0144192978', 9),
	(189, 'Faeyza Athallah Wijaya Diningrat', '2122.1.032', '0144893914', 9),
	(190, 'Karenina Anindya Prameswari', '2122.1.034', '0146721817', 9),
	(191, 'Muhammad Ricky Zavierre', '2122.1.013', '0143090475', 9),
	(192, 'Nayyara Safa Zhafira', '2122.1.015', '0147250560', 9),
	(193, 'Rafandra Bramantyo Kurniawan', '2122.1.016', '0158464203', 9),
	(194, 'Raiden Alberto Granada', '2122.1.017', '3158317182', 9),
	(195, 'Relia Meidyna Angela', '2122.1.018', '3156390125', 9),
	(196, 'Shailene Aghniyah Alviona Pesik Pajouw', '2122.1.040', '0153356134', 9),
	(197, 'Sofia Mikhayla Azzahra', '2122.1.042', '3149009638', 9),
	(198, 'Ukasyah Hilwani Irfan', '2223.2.039', '3147913321', 9),
	(199, 'Adam Nurraja Arifin', '2021.1.001', '0148928971', 10),
	(200, 'Anandita Afifa Rizki', '2021.1.005', '0149256964', 10),
	(201, 'Arian Erlangga Meydio Putra', '2324.4.042', '3148621755', 10),
	(202, 'Athar Aldira Milano', '2021.1.008', '0136259269', 10),
	(203, 'Bimo Aditya Hidayat', '2021.1.009', '3140165045', 10),
	(204, 'Darleeta Elfrida Almaira', '2021.1.010', '0149926208', 10),
	(205, 'Deffa Aufatthar Aribawa Putra', '2021.1.011', '3134235957', 10),
	(206, 'Evelyn Qaireen Chandra', '2021.1.013', '0146824011', 10),
	(207, 'Fathiyya Danesha Vindiragazza', '2021.1.015', '0145802646', 10),
	(208, 'Hanin Akatara Lysande', '2021.1.018', '0147930937', 10),
	(209, 'Herson Junior', '2021.1.019', '0135693533', 10),
	(210, 'Innaya Oktandriani Adhitiawan', '2021.1.020', '0132135938', 10),
	(211, 'Izzmi Permatasari Azzahra', '2021.1.021', '0143324162', 10),
	(212, 'Jesslyne Priscillia', '2223.3.041', '0133217005', 10),
	(213, 'Kayyisah Azzalfa Gyani Franza', '2021.1.023', '0146230775', 10),
	(214, 'Muhammad Aldo Ibrahim', '2021.1.029', '0147319849', 10),
	(215, 'Nabila Parla Fakhriyya', '2021.1.031', '0146033752', 10),
	(216, 'Nadya Kencana Wangi', '2021.1.032', '0141480191', 10),
	(217, 'Naufal Afkar Idian', '2021.1.033', '0136868968', 10),
	(218, 'Rafandra Dimastyan', '2021.1.035', '0133959466', 10),
	(219, 'Affandy Haidar Erdin Putra', '2021.1.002', '0147467918', 11),
	(220, 'Aisyah Ayunda Arini', '2021.1.003', '0137564735', 11),
	(221, 'Alfarizky Nerviando Shafaraz', '2324.4.047', '3148253548', 11),
	(222, 'Andi Qonita Elmyra Darwin', '2021.1.006', '0138217336', 11),
	(223, 'Athalita Michella Yasmine', '2021.1.007', '0137979140', 11),
	(224, 'Athalla Pradipto Ardian', '2122.2.044', '0143495478', 11),
	(225, 'Elshinta Intani Erief', '2021.1.012', '3130403695', 11),
	(226, 'Farryall Pasha Irwan', '2021.1.014', '0146373551', 11),
	(227, 'Gladies Aulia Asgar', '2021.1.017', '0147032194', 11),
	(228, 'Janeeta Shareena Aquila', '2021.1.022', '0134696646', 11),
	(229, 'Kenzie Alexander Alfaro', '2021.1.024', '0134643765', 11),
	(230, 'Kirana Pramesti Lie', '2021.1.025', '3132210746', 11),
	(231, 'Letisha Anggun Azzahra', '2021.1.026', '0139066548', 11),
	(232, 'Mikha Salim', '2021.1.027', '0144898071', 11),
	(233, 'Muhammad Keenan Fatihrayyandra', '2021.1.030', '0148516319', 11),
	(234, 'Qurrota\'Ayun Qaireen Hakim', '2021.1.034', '0144212372', 11),
	(235, 'Raja Hafiz Arzachel', '2021.1.037', '3146307007', 11),
	(236, 'Shakila Naura Agma Putri', '2021.1.038', '0142097446', 11),
	(237, 'Siti Jihan Sagara El Kautsar', '2021.1.039', '0145277178', 11),
	(238, 'Stefany Tarigan', '2021.1.040', '0145530101', 11),
	(239, 'Timori Ageng Pratama', '2223.3.042', '0146336428', 11),
	(240, 'Ahmad Dhafin Rizqulloh', '1920.1.003', '0124527319', 12),
	(241, 'Almira Keyla Nadhira', '1920.1.006', '3138581311', 12),
	(242, 'Azeera Kinaya Sinaga', '2122.3.045', '0129728356', 12),
	(243, 'Callista Shanum Siregar', '1920.1.010', '3122730631', 12),
	(244, 'Cantika Khairunnisa', '1920.1.011', '3126905059', 12),
	(245, 'Cataleya Felice Gunawan', '1920.1.013', '3136005057', 12),
	(246, 'Dastan Al Daffa Sigit', '1920.1.014', '3128192769', 12),
	(247, 'Febriana Rose', '2324.5.041', '0138639025', 12),
	(248, 'Hilal Makarim Hidayat', '1920.1.017', '0131818273', 12),
	(249, 'Jasmine Nafisah Khoirunnisa', '2223.4.043', '3134986354', 12),
	(250, 'Muhammad Revaldi', '1920.1.039', '0126297645', 12),
	(251, 'Radhitya Abimanyu Kurniawan', '1920.1.030', '0132493308', 12),
	(252, 'Rezki Febriansyah', '1920.1.040', '0139383622', 12),
	(253, 'Shanon Aqilah Saputri', '1920.1.034', '0123657993', 12),
	(254, 'Vino Agma Putra Athariz', '1920.1.037', '3122295420', 12),
	(255, 'Adeffa Ahza Susanto', '1920.1.001', '0138335383', 13),
	(256, 'Alisha Anindya Zhafirah Iman', '1920.1.005', '0113754953', 13),
	(257, 'Armansyah Putra Septiadji', '1920.1.008', '0107952654', 13),
	(258, 'Athaya Fadhil Adhyastha', '1920.1.009', '0129133763', 13),
	(259, 'Carissa Farah Aqilah', '1920.1.012', '0124732752', 13),
	(260, 'Fariz Mulkan Amjad', '1920.1.015', '0126513824', 13),
	(261, 'Khairul Azzam', '1920.1.019', '0127366136', 13),
	(262, 'Kimora Queenzee Aditya', '1920.1.021', '0133823143', 13),
	(263, 'Kinan Makayla Idrus', '1920.1.022', '3127219166', 13),
	(264, 'Muhammad Fathir Rizky Hamid', '1920.1.023', '0139201913', 13),
	(265, 'Mutiara Najla Finoza', '1920.1.026', '0134003909', 13),
	(266, 'Raden Roro Rania Dhyanti Paramastri', '1920.1.029', '0124519898', 13),
	(267, 'Rafa Safaraz Tarumanagara', '1920.1.031', '0135310376', 13),
	(268, 'Raisa Aurellya Komaini', '1920.1.032', '0133647600', 13),
	(269, 'Shafar Rasyad Ahmad Hanafi', '1920.1.033', '0139876276', 13),
	(270, 'Shyvana Ummu Shafiyya', '1920.1.035', '0132651565', 13);

-- Dumping structure for table ci4.units
CREATE TABLE IF NOT EXISTS `units` (
  `id` int NOT NULL AUTO_INCREMENT,
  `nama_unit` varchar(50) CHARACTER SET utf8mb4 COLLATE utf8mb4_0900_ai_ci DEFAULT NULL,
  PRIMARY KEY (`id`)
) ENGINE=InnoDB AUTO_INCREMENT=3 DEFAULT CHARSET=utf8mb4 COLLATE=utf8mb4_0900_ai_ci;

-- Dumping data for table ci4.units: ~2 rows (approximately)
INSERT INTO `units` (`id`, `nama_unit`) VALUES
	(1, 'Primary'),
	(2, 'Secondary');

-- Dumping structure for table ci4.users
CREATE TABLE IF NOT EXISTS `users` (
  `id` int NOT NULL AUTO_INCREMENT,
  `username` varchar(50) NOT NULL,
  `password` varchar(255) CHARACTER SET utf8mb4 COLLATE utf8mb4_0900_ai_ci NOT NULL,
  `nama` varchar(50) DEFAULT NULL,
  `role` varchar(50) DEFAULT NULL,
  PRIMARY KEY (`id`)
) ENGINE=InnoDB AUTO_INCREMENT=52 DEFAULT CHARSET=utf8mb4 COLLATE=utf8mb4_0900_ai_ci;

-- Dumping data for table ci4.users: ~49 rows (approximately)
INSERT INTO `users` (`id`, `username`, `password`, `nama`, `role`) VALUES
	(1, 'mawan', '$2y$10$h1GUsNCdwQ8ScbXlEUt5nuuLUCR8K/JeiZATsh2T0CT6t7Im1Ajvq', 'Hermawan', 'admin'),
	(2, 'oji', '$2y$10$IvSj417Hle.LE5wj/VE19OUA5mH1VHaI76TRO4dVO77M6UPYw7dlS', 'Oji Supratman', 'admin'),
	(5, 'maw', '$2y$10$WWuzh7jtOK9sdLXq3NF32Oa13PmQec.uWtGOTbpp9s9f5JdhFzVWe', 'Mawan Junior', 'guru'),
	(6, 'qwe', '$2y$10$eIbH7/gso7lYrLJyPl2l8.U5hAhC30PkSVL.4RbJ9.z9QR3w8mSiO', 'qwe', 'guru'),
	(7, 'asyauqizamizami', '$2y$10$LCElhsP.W2tqhZZ/aM/Os.WagpF0GRBjrsFcKk6w7DeFjSFHPQ2LS', 'A Syauqi Zami Zami', 'guru'),
	(8, 'abdurrohim', '$2y$10$yOEVqUp8qEsbApxHHNOahurFLwx0qsE6lgbjt5xOk90/AeQcs1tpm', 'Abdurrohim', 'guru'),
	(9, 'ahmadirfanfauji', '$2y$10$7NlBkLgUaz4XcIjJlDLste5LEaFJ34OSuzx.QLajBeXxSFvWYAlWG', 'Ahmad Irfan Fauji', 'guru'),
	(10, 'ahmadsabri', '$2y$10$0z6ifAa3oZHhgKjq9U4vVOTs.iAI/bAaVOcCW4O7ZXvB836XwlKma', 'Ahmad Sabri', 'guru'),
	(11, 'alfalaila', '$2y$10$egWM/TK35tx7XeeFpjfigeb3.N2krBL/Ajr62Depb5rVTdVtps38K', 'Alfa Laila', 'guru'),
	(12, 'alfinadam', '$2y$10$Cc79mKsUUc5DfZM1AszpW.vORuoUp3R2/2SZvYbdgiprlBiXlICG6', 'Alfin Adam', 'guru'),
	(13, 'aliyahkhairani', '$2y$10$EfeOub/iyihODVp3o6zXy.7f.vUXF7hIbEYRj727SiCZkMugiSqeu', 'Aliyah Khairani, S.Pd', 'guru'),
	(14, 'andriansyah', '$2y$10$K1SWmyiKz9CNmTm2J5fwJe/qxHGc0VtgIuXKB0x7x4R6hSklgUdVm', 'Andriansyah', 'admin'),
	(15, 'anisilviah', '$10$zqQbeq/va9419czHyUhW4Oi47/UAyN0k5sbbXD4nIf8mu3Jb8VaKu', 'Ani Silviah', 'guru'),
	(16, 'arsiskasari', '$2y$10$rzx.MoVPxxv6xsRjIh.b5uq4rsOF0lq1jb4AqaRNvWa8KS.xPh24y', 'Arsiska Sari S.S', 'guru'),
	(17, 'astutipranowojati', '$2y$10$jiCSiRE4Do9Ph1pXWe7v.u8L6zgZyLJ2qkaqaEg9UAqb38uOtl0Qy', 'Astuti Pranowojati, S.Pd', 'guru'),
	(18, 'azizahramdhaniaty', '$2y$10$ggrIuNAwkiRinaNp5PzPMuFby3rOTx/JvCluC72OOcfveQcOlU346', 'Azizah Ramdhaniaty, S.Pd', 'guru'),
	(19, 'cutriskaramazaniar', '$2y$10$qvYPjJh2GkSrvyAzVuhZC.RqwiYeVPxgfs1HM3M3sPnNXuPRGC922', 'Cut Riska Ramazaniar, S.Mat', 'guru'),
	(20, 'dindanurfadhilah', '$10$zqQbeq/va9419czHyUhW4Oi47/UAyN0k5sbbXD4nIf8mu3Jb8VaKu', 'Dinda Nurfadhilah', 'guru'),
	(21, 'evisetiani', '$10$zqQbeq/va9419czHyUhW4Oi47/UAyN0k5sbbXD4nIf8mu3Jb8VaKu', 'Evi Setiani', 'guru'),
	(22, 'faujisupandi', '$10$zqQbeq/va9419czHyUhW4Oi47/UAyN0k5sbbXD4nIf8mu3Jb8VaKu', 'Fauji Supandi', 'admin'),
	(23, 'femiindriyatama', '$2y$10$CjHlCnFGjlT0wwtWB.rkBu5S4nc2ScPbsSwMNPytoSditzTHDmxd6', 'Femi Indriyatama, S.Pd', 'guru'),
	(24, 'fitrisukmawati', '$10$zqQbeq/va9419czHyUhW4Oi47/UAyN0k5sbbXD4nIf8mu3Jb8VaKu', 'Fitri Sukmawati', 'guru'),
	(25, 'hermawan', '$10$zqQbeq/va9419czHyUhW4Oi47/UAyN0k5sbbXD4nIf8mu3Jb8VaKu', 'Hermawan, S.Kom', 'admin'),
	(26, 'janatulmawah', '$10$zqQbeq/va9419czHyUhW4Oi47/UAyN0k5sbbXD4nIf8mu3Jb8VaKu', 'Janatul Mawah', 'guru'),
	(27, 'lanafaransita', '$10$zqQbeq/va9419czHyUhW4Oi47/UAyN0k5sbbXD4nIf8mu3Jb8VaKu', 'Lana Faransita', 'guru'),
	(28, 'maryikanurdianty', '$2y$10$duPo7lFMpVx2zden0SSbM./jXj3NlzuuYw3WzTw1Y5Hg..hrl9DR2', 'Mary Ika Nurdianty, S.Pd', 'guru'),
	(29, 'mawaddahwarohmah', '$10$zqQbeq/va9419czHyUhW4Oi47/UAyN0k5sbbXD4nIf8mu3Jb8VaKu', 'Mawaddah Warohmah', 'guru'),
	(30, 'mayalutfiani', '$10$zqQbeq/va9419czHyUhW4Oi47/UAyN0k5sbbXD4nIf8mu3Jb8VaKu', 'Maya Lutfiani', 'guru'),
	(31, 'megakhoiriyah', '$10$zqQbeq/va9419czHyUhW4Oi47/UAyN0k5sbbXD4nIf8mu3Jb8VaKu', 'Mega Khoiriyah', 'guru'),
	(32, 'muhammadikhsansyah', '$10$zqQbeq/va9419czHyUhW4Oi47/UAyN0k5sbbXD4nIf8mu3Jb8VaKu', 'Muhammad Ikhsansyah', 'guru'),
	(33, 'nadianurpitaloka', '$10$zqQbeq/va9419czHyUhW4Oi47/UAyN0k5sbbXD4nIf8mu3Jb8VaKu', 'Nadia Nurpitaloka', 'guru'),
	(34, 'niakurniati', '$2y$10$5OfqzEnRYyIoKhJDdwHI3e2JXUWPGfO3iV/XnsnhN5qFQ/PZFkz5G', 'Nia Kurniati, S.S', 'guru'),
	(35, 'nitamuntikoh', '$10$zqQbeq/va9419czHyUhW4Oi47/UAyN0k5sbbXD4nIf8mu3Jb8VaKu', 'Nita Muntikoh', 'guru'),
	(36, 'nuraini', '$2y$10$GWh5AMhq12ausoKUKSLvoeLtSx1X5X8R2bzsVOqrfV7cERjZZn58e', 'Nuraini, S.Pd', 'guru'),
	(37, 'padilah', '$10$zqQbeq/va9419czHyUhW4Oi47/UAyN0k5sbbXD4nIf8mu3Jb8VaKu', 'Padilah', 'guru'),
	(38, 'rikmawati', '$2y$10$09pNX7VMxAr8GgwMQcqJkelOGN2dsj5rJrJ6QS.d.TcWQayInawSG', 'Rikmawati, S.Pd', 'guru'),
	(39, 'rinialbaqoroh', '$2y$10$zlRiUzg7tfdRDa2BpTCPWez.PBT/t51AoPeKq.J.hrr5vX/vTuUBO', 'Rini Al Baqoroh', 'guru'),
	(40, 'rizkyzanuar', '$10$zqQbeq/va9419czHyUhW4Oi47/UAyN0k5sbbXD4nIf8mu3Jb8VaKu', 'Rizky Zanuar', 'guru'),
	(41, 'rustianalhamidi', '$10$zqQbeq/va9419czHyUhW4Oi47/UAyN0k5sbbXD4nIf8mu3Jb8VaKu', 'Rustian Alhamidi', 'guru'),
	(42, 'saramariaulfa', '$2y$10$e0.g2lmUcjHmwhYqOmMIjeJbuPMHVp2GFbSz2RfzYViL5Pomuz9/2', 'Sara Maria Ulfa, S.Pd', 'guru'),
	(43, 'septyauliasari', '$10$zqQbeq/va9419czHyUhW4Oi47/UAyN0k5sbbXD4nIf8mu3Jb8VaKu', 'Septy Aulia Sari', 'guru'),
	(44, 'sitinisrina', '$10$zqQbeq/va9419czHyUhW4Oi47/UAyN0k5sbbXD4nIf8mu3Jb8VaKu', 'Siti Nisrina', 'guru'),
	(45, 'sitivitriyatusshofiyatulazizah', '$10$zqQbeq/va9419czHyUhW4Oi47/UAyN0k5sbbXD4nIf8mu3Jb8VaKu', 'Siti Vitriyatus Shofiyatul Azizah', 'guru'),
	(46, 'tiarashannydarmayanti', '$10$zqQbeq/va9419czHyUhW4Oi47/UAyN0k5sbbXD4nIf8mu3Jb8VaKu', 'Tiara Shanny Darmayanti', 'guru'),
	(47, 'wantiyulianti', '$2y$10$H8q266wZ/66gaLiyrxwjeuQQL0lO2u2jI2E7sxuzGZ8UYjy/V8CgO', 'Wanti Yulianti, S.Pd', 'guru'),
	(48, 'yulianarahmawati', '$2y$10$laz6/LVPJmo3pOyfPd9ynu51RXfXbBGXDF20g52bYqoZXJzLPS0XO', 'Yuliana Rahmawati, SPd', 'guru'),
	(49, 'yuniasihsubekti', '$10$zqQbeq/va9419czHyUhW4Oi47/UAyN0k5sbbXD4nIf8mu3Jb8VaKu', 'Yuni Asih Subekti', 'guru'),
	(50, 'zainalarifin', '$10$zqQbeq/va9419czHyUhW4Oi47/UAyN0k5sbbXD4nIf8mu3Jb8VaKu', 'Zainal Arifin', 'guru'),
	(51, 'zubaidah', '$10$zqQbeq/va9419czHyUhW4Oi47/UAyN0k5sbbXD4nIf8mu3Jb8VaKu', 'Zubaidah', 'guru');

/*!40103 SET TIME_ZONE=IFNULL(@OLD_TIME_ZONE, 'system') */;
/*!40101 SET SQL_MODE=IFNULL(@OLD_SQL_MODE, '') */;
/*!40014 SET FOREIGN_KEY_CHECKS=IFNULL(@OLD_FOREIGN_KEY_CHECKS, 1) */;
/*!40101 SET CHARACTER_SET_CLIENT=@OLD_CHARACTER_SET_CLIENT */;
/*!40111 SET SQL_NOTES=IFNULL(@OLD_SQL_NOTES, 1) */;
